,loss,acc,testloss,testacc
0,1.5080139115452766,0.29995331168174744,3.186152696609497,0.1
1,0.3135552778840065,0.8709909915924072,4.226733207702637,0.1
2,0.078966319328174,0.9817076325416565,4.628182411193848,0.094000004
3,0.02203479316085577,0.9996650218963623,5.421978950500488,0.11400001
4,0.012852190469857305,0.9986027479171753,2.974055528640747,0.27800003
5,0.012220461620017886,0.9980993866920471,0.09667842835187912,0.97
6,0.014599651418393478,0.9952201843261719,0.042979832738637924,0.98800004
7,0.006123238621512428,1.0,0.038801681250333786,0.99000007
8,0.007282545557245612,0.9969027042388916,0.037298768758773804,0.99200004
9,0.004726007020508405,1.0,0.04167753458023071,0.98800004
10,0.0023396709930239012,1.0,0.038669660687446594,0.98600006
11,0.018869630759581923,0.995863676071167,0.030317256227135658,0.99000007
12,0.006311420307611115,0.9992291331291199,0.06478412449359894,0.98800004
13,0.015568521434033755,0.9942101240158081,0.028871234506368637,0.99200004
14,0.0026049270236399025,1.0,0.03648027777671814,0.99200004
15,0.002184939294238575,0.9996461868286133,0.047284435480833054,0.98800004
16,0.007275575684616342,0.9969027042388916,0.031193584203720093,0.99600005
17,0.0012881050788564608,1.0,0.0317629911005497,0.99200004
18,0.0015326074353652075,1.0,0.02997867949306965,0.99000007
19,0.0010393396005383693,1.0,0.02824677899479866,0.99200004
20,0.00048652756959199905,1.0,0.02972448244690895,0.99000007
21,0.0004308189272705931,1.0,0.02714650332927704,0.99200004
22,0.0004575450911943335,1.0,0.026888804510235786,0.99000007
23,0.001224661617015954,1.0,0.026167364791035652,0.994
24,0.0004920489154756069,1.0,0.029623109847307205,0.994
25,0.0005223740827204892,1.0,0.027772245928645134,0.994
26,0.0004030727777717402,1.0,0.029246019199490547,0.99200004
27,0.0006403671577572823,1.0,0.02665640227496624,0.99200004
28,0.0004938517668051645,1.0,0.028953345492482185,0.994
29,0.00045261326886247844,1.0,0.026072954759001732,0.994
30,0.0002995027225551894,1.0,0.024915801361203194,0.994
31,0.00019845124370476697,1.0,0.02501988597214222,0.994
32,0.00021006064525863621,1.0,0.027428066357970238,0.99200004
33,0.0003261736601416487,1.0,0.02440573088824749,0.994
34,0.000281689968687715,1.0,0.022978400811553,0.994
35,0.0003246221695007989,1.0,0.027571098878979683,0.99200004
36,0.0004182331263109518,1.0,0.027999630197882652,0.99600005
37,0.00025090165399888065,1.0,0.027874432504177094,0.994
38,0.00020351195712464687,1.0,0.022807974368333817,0.99600005
39,0.0001559351567266276,1.0,0.02520819939672947,0.99600005
40,0.000236408319324255,1.0,0.02234434150159359,0.99600005
41,0.00016622487464701408,1.0,0.027002807706594467,0.99600005
42,0.00015839589832467027,1.0,0.028023716062307358,0.99600005
43,0.00012562461188281304,1.0,0.025189464911818504,0.99600005
44,0.00015664882948840386,1.0,0.026059089228510857,0.99600005
45,0.0001282171347156691,1.0,0.02516852505505085,0.99600005
46,0.00012393007091304753,1.0,0.02597772888839245,0.99600005
47,0.00014829644896963146,1.0,0.026596175506711006,0.99600005
48,0.00010379133709648158,1.0,0.022371472790837288,0.99600005
49,8.349865674972534e-05,1.0,0.024751590564846992,0.99600005
50,8.806372079561697e-05,1.0,0.027514399960637093,0.99600005
51,0.0001196837051793409,1.0,0.02400406263768673,0.994
52,0.00011219670977880014,1.0,0.027279451489448547,0.994
53,8.592046788180596e-05,1.0,0.02668028324842453,0.99600005
54,9.525017776468303e-05,1.0,0.02367435395717621,0.994
55,7.134377960937854e-05,1.0,0.02680981531739235,0.99600005
56,0.00010644262692949269,1.0,0.023547716438770294,0.99600005
57,9.833378726398223e-05,1.0,0.02154221571981907,0.994
58,0.00011654421678031213,1.0,0.02434825524687767,0.99600005
59,7.554171679657884e-05,1.0,0.024875661358237267,0.99600005
60,0.00010310122706869151,1.0,0.024095961824059486,0.994
61,7.519079372286797e-05,1.0,0.02270946465432644,0.99600005
62,8.509848271387455e-05,1.0,0.028172722086310387,0.99600005
63,0.00010232152408207185,1.0,0.027031224220991135,0.994
64,6.361091527651297e-05,1.0,0.027018405497074127,0.994
65,5.9386249631643295e-05,1.0,0.027921050786972046,0.994
66,6.573200221282605e-05,1.0,0.02669064886868,0.994
67,6.755786034773337e-05,1.0,0.02372053451836109,0.99600005
68,0.00014006812125444412,1.0,0.029979486018419266,0.99200004
69,7.961587982663332e-05,1.0,0.027785686776041985,0.99200004
70,7.399832838927978e-05,1.0,0.022559527307748795,0.99600005
71,9.063575453183148e-05,1.0,0.02847570925951004,0.99200004
72,0.000111432746052742,1.0,0.02841399796307087,0.99200004
73,7.205940778476361e-05,1.0,0.025198055431246758,0.99600005
74,7.813274851287133e-05,1.0,0.024671688675880432,0.99600005
75,6.254082541090611e-05,1.0,0.02771706134080887,0.994
76,0.0003571292386368441,1.0,0.02153504639863968,0.994
77,0.00012136083023506217,1.0,0.020228074863553047,0.99200004
78,7.747337258479092e-05,1.0,0.02063119038939476,0.99200004
79,7.138252294680569e-05,1.0,0.022787179797887802,0.99200004
80,6.790356701458222e-05,1.0,0.0212957002222538,0.99600005
81,5.730241537094116e-05,1.0,0.020499370992183685,0.99600005
82,9.119389574152592e-05,1.0,0.020894022658467293,0.99600005
83,8.926894497562898e-05,1.0,0.021591046825051308,0.99600005
84,9.166132667814963e-05,1.0,0.021175812929868698,0.99600005
85,4.993705078959465e-05,1.0,0.02017187513411045,0.99600005
86,4.6762731017224723e-05,1.0,0.02150437794625759,0.99600005
87,5.7190936104234424e-05,1.0,0.01964251697063446,0.99600005
88,9.299432895204518e-05,1.0,0.023292064666748047,0.99600005
89,3.291033226560103e-05,1.0,0.021530626341700554,0.99600005
90,3.433097162997001e-05,1.0,0.01992868073284626,0.99600005
91,4.98147680900729e-05,1.0,0.02134602516889572,0.99600005
92,4.512909799814224e-05,1.0,0.019778361544013023,0.99600005
93,3.777137044380652e-05,1.0,0.021244382485747337,0.99600005
94,0.0001447459653718397,1.0,0.01982801780104637,0.99600005
95,4.5078806579113007e-05,1.0,0.01865895465016365,0.99600005
96,2.5555119009368354e-05,1.0,0.019404174759984016,0.99600005
97,7.10572116986441e-05,1.0,0.021510330960154533,0.99600005
98,3.0316784886963433e-05,1.0,0.018988722935318947,0.99600005
99,3.146519884467125e-05,1.0,0.021246837452054024,0.99600005
100,4.212223029753659e-05,1.0,0.020208343863487244,0.99600005
101,5.149003118276596e-05,1.0,0.02019098959863186,0.99600005
102,3.598211333155632e-05,1.0,0.020003441721200943,0.99600005
103,3.5969913028566225e-05,1.0,0.020899606868624687,0.99600005
104,2.1532922971800872e-05,1.0,0.020933346822857857,0.99600005
105,2.6298966304239002e-05,1.0,0.02052510343492031,0.99600005
106,3.6343932151794434e-05,1.0,0.019482195377349854,0.99600005
107,3.836117684841156e-05,1.0,0.02055118791759014,0.99600005
108,4.9434509151069506e-05,1.0,0.0206620953977108,0.99600005
109,2.3524649350292748e-05,1.0,0.023746643215417862,0.99600005
110,2.9546767564170295e-05,1.0,0.01868719980120659,0.99600005
111,3.8030557334423065e-05,1.0,0.01999158225953579,0.99600005
112,3.400128343855613e-05,1.0,0.019389767199754715,0.99600005
113,3.2164342655960354e-05,1.0,0.02028266340494156,0.99600005
114,4.499303167904145e-05,1.0,0.02291923761367798,0.99600005
115,2.9393099225671904e-05,1.0,0.019489629194140434,0.99600005
116,4.5190565288066864e-05,1.0,0.021240906789898872,0.99600005
117,1.3300590239850862e-05,1.0,0.022383207455277443,0.99600005
118,3.891587221005466e-05,1.0,0.022522220388054848,0.99600005
119,3.8738828152418137e-05,1.0,0.023302577435970306,0.99600005
120,2.436581996789755e-05,1.0,0.02292478457093239,0.99600005
121,2.871491005862481e-05,1.0,0.021618623286485672,0.99600005
122,2.5192555085595814e-05,1.0,0.02078990265727043,0.99600005
123,3.0638463840659824e-05,1.0,0.022841179743409157,0.99600005
124,0.00016460046754218638,1.0,0.023286543786525726,0.99600005
125,2.4461187422275543e-05,1.0,0.021898651495575905,0.99600005
126,7.300954166566953e-05,1.0,0.02336016483604908,0.99600005
127,1.8757022928639344e-05,1.0,0.019630292430520058,0.99600005
128,3.054477292607771e-05,1.0,0.020705413073301315,0.99600005
129,3.021061456820462e-05,1.0,0.021700168028473854,0.99600005
130,2.7147680498273985e-05,1.0,0.02199198119342327,0.99600005
131,2.335179601686832e-05,1.0,0.021982496604323387,0.99600005
132,3.7892535374339786e-05,1.0,0.02175351418554783,0.99600005
133,2.0451471300475532e-05,1.0,0.025511212646961212,0.99600005
134,2.6966817586071556e-05,1.0,0.02055644616484642,0.99600005
135,3.8449000612672535e-05,1.0,0.02063029445707798,0.99600005
136,2.5517120775475632e-05,1.0,0.02356147952377796,0.99600005
137,1.857709139585495e-05,1.0,0.0229391697794199,0.99600005
138,2.5568157411726133e-05,1.0,0.019876059144735336,0.99600005
139,4.249122002875083e-05,1.0,0.018957067281007767,0.99600005
140,1.6131252039031097e-05,1.0,0.022755321115255356,0.99600005
141,3.82422470011079e-05,1.0,0.020393818616867065,0.99600005
142,3.368314355611801e-05,1.0,0.022338764742016792,0.99600005
143,2.404451370807692e-05,1.0,0.022466465830802917,0.99600005
144,1.3629905879497528e-05,1.0,0.023446816951036453,0.99600005
145,2.3264251694854465e-05,1.0,0.020856065675616264,0.99600005
146,2.7443282306194305e-05,1.0,0.0249304361641407,0.99600005
147,2.4564005798310973e-05,1.0,0.023003781214356422,0.99600005
148,1.2844987168136868e-05,1.0,0.022734297439455986,0.99600005
149,1.4733895682184084e-05,1.0,0.019616879522800446,0.99600005
150,1.6497075534971373e-05,1.0,0.020955851301550865,0.99600005
151,1.9535887986421585e-05,1.0,0.023676907643675804,0.99600005
152,1.61854550242424e-05,1.0,0.019313152879476547,0.99600005
153,1.6129389393881866e-05,1.0,0.01982794515788555,0.99600005
154,1.9979849469109467e-05,1.0,0.02124117501080036,0.99600005
155,1.3398006558418274e-05,1.0,0.022576946765184402,0.99600005
156,6.190389399307605e-05,1.0,0.021741650998592377,0.99600005
157,1.2699328351573058e-05,1.0,0.02311396598815918,0.99600005
158,1.684874291640881e-05,1.0,0.019206808879971504,0.99600005
159,1.3035722076892853e-05,1.0,0.01924639195203781,0.99600005
160,1.2550689234558376e-05,1.0,0.022637376561760902,0.99600005
161,1.310836523771286e-05,1.0,0.021921444684267044,0.99600005
162,1.637469978277295e-05,1.0,0.019746869802474976,0.99600005
163,2.256985771964537e-05,1.0,0.023259174078702927,0.99600005
164,2.043005076757254e-05,1.0,0.023218726739287376,0.99600005
165,1.615677024346951e-05,1.0,0.019330158829689026,0.99600005
166,9.419582738701138e-06,1.0,0.020948359742760658,0.99600005
167,1.289732756504236e-05,1.0,0.02146855741739273,0.99600005
168,1.802928750294086e-05,1.0,0.024042103439569473,0.99600005
169,1.348927617073059e-05,1.0,0.022084346041083336,0.99600005
170,1.835264265537262e-05,1.0,0.025235600769519806,0.994
171,7.12705775640643e-05,1.0,0.024092143401503563,0.99600005
172,3.1321123969973996e-05,1.0,0.022793089970946312,0.99600005
173,2.0918622794852126e-05,1.0,0.02912943810224533,0.99600005
174,1.5120767102416721e-05,1.0,0.024148231372237206,0.99600005
175,1.4501437533454009e-05,1.0,0.0282150786370039,0.99600005
176,1.1209212289031711e-05,1.0,0.025410061702132225,0.99600005
177,2.0758435141488008e-05,1.0,0.030454818159341812,0.99600005
178,7.337890565395355e-06,1.0,0.0305086188018322,0.994
179,9.568966930828537e-06,1.0,0.029681388288736343,0.994
180,8.073076600112472e-06,1.0,0.02749651111662388,0.99600005
181,1.789536327123642e-05,1.0,0.02618558704853058,0.99600005
182,2.0639970898628235e-05,1.0,0.027134845033288002,0.99600005
183,1.2245029211044312e-05,1.0,0.03491063788533211,0.99200004
184,1.2459233403205872e-05,1.0,0.026000292971730232,0.994
185,8.483976131401505e-06,1.0,0.03050348535180092,0.994
186,1.0920315958173887e-05,1.0,0.03508789837360382,0.99600005
187,9.045749948199955e-06,1.0,0.03654954954981804,0.994
188,1.7577409749947037e-05,1.0,0.03327524662017822,0.994
189,1.2648850656660215e-05,1.0,0.03072219528257847,0.994
190,7.629580807133607e-06,1.0,0.04027632251381874,0.994
191,1.8879026129070553e-05,1.0,0.03502831235527992,0.99600005
192,1.7755106114236696e-05,1.0,0.03481975570321083,0.99600005
193,6.110221136168548e-06,1.0,0.030439062044024467,0.99600005
194,1.5448778867721558e-05,1.0,0.038343317806720734,0.994
195,7.300637662410736e-06,1.0,0.03329123184084892,0.994
196,2.5196745980338164e-05,1.0,0.027384737506508827,0.99600005
197,6.529688846512727e-06,1.0,0.029115168377757072,0.99600005
198,1.061372449839837e-05,1.0,0.02317427657544613,0.99600005
199,6.794743228510924e-06,1.0,0.030869564041495323,0.99600005
200,8.31633803954901e-06,1.0,0.028665808960795403,0.99600005
201,7.903017092303344e-06,1.0,0.025510402396321297,0.99600005
202,1.1357106274090256e-05,1.0,0.02158384956419468,0.99600005
203,1.4619901776313782e-05,1.0,0.023585306480526924,0.99600005
204,9.550154118187493e-06,1.0,0.021554745733737946,0.99600005
205,9.277276603825158e-06,1.0,0.026814661920070648,0.99600005
206,7.806532039467129e-06,1.0,0.025502437725663185,0.99600005
207,5.044601863346543e-06,1.0,0.02553238905966282,0.99600005
208,8.644908575661248e-06,1.0,0.025558797642588615,0.99600005
209,7.902272045612335e-06,1.0,0.02458830550312996,0.99600005
210,8.276291197262253e-06,1.0,0.02606089971959591,0.99600005
211,1.3717263982471195e-05,1.0,0.0223518256098032,0.99600005
212,2.4232827115611144e-05,1.0,0.026422694325447083,0.99600005
213,5.7298690308016376e-06,1.0,0.024589285254478455,0.99600005
214,9.269639861031465e-06,1.0,0.02450411021709442,0.99600005
215,1.2151896953582764e-05,1.0,0.02609661966562271,0.99600005
216,5.149655038394485e-06,1.0,0.02538190968334675,0.99600005
217,7.58897513719603e-06,1.0,0.022012216970324516,0.99600005
218,1.0390952184025082e-05,1.0,0.024923961609601974,0.99600005
219,1.5919655538709776e-05,1.0,0.025191621854901314,0.99600005
220,6.875582016618864e-06,1.0,0.0391475073993206,0.99200004
221,4.61898741832556e-06,1.0,0.030187908560037613,0.99200004
222,8.496269586544258e-06,1.0,0.02915944531559944,0.99200004
223,4.211254406527587e-06,1.0,0.03140980377793312,0.99200004
224,5.301460625162235e-06,1.0,0.035514723509550095,0.99200004
225,5.293451238230773e-06,1.0,0.03119402937591076,0.99000007
226,1.24720857002103e-05,1.0,0.03668094798922539,0.99200004
227,5.555897928388731e-06,1.0,0.03191319480538368,0.99200004
228,1.604091357876314e-05,1.0,0.0326007641851902,0.99200004
229,7.0251523993647425e-06,1.0,0.027694614604115486,0.99200004
230,8.049979811630692e-06,1.0,0.03401908278465271,0.99200004
231,9.12612303949345e-06,1.0,0.025993280112743378,0.99200004
232,6.581190973520279e-05,1.0,0.0379486083984375,0.99200004
233,7.0318579901140765e-06,1.0,0.032897185534238815,0.99000007
234,6.265565730245726e-06,1.0,0.03182312846183777,0.99000007
235,7.5018033385276794e-06,1.0,0.0335034504532814,0.99000007
236,1.9178352886228822e-05,1.0,0.03749464452266693,0.99000007
237,9.168498195322172e-06,1.0,0.03456299006938934,0.99200004
238,8.26884061666533e-06,1.0,0.03623554855585098,0.99000007
239,5.614571279011216e-06,1.0,0.03631146252155304,0.99000007
240,7.869489536460605e-06,1.0,0.03359097242355347,0.99200004
241,5.955249093858583e-06,1.0,0.0345003716647625,0.99000007
242,8.731149137020111e-06,1.0,0.035739168524742126,0.99000007
243,6.495788738902775e-06,1.0,0.033708617091178894,0.99200004
244,8.737109624235018e-06,1.0,0.03211730718612671,0.99000007
245,5.60916959102542e-06,1.0,0.03604483976960182,0.99000007
246,5.2319839483061514e-06,1.0,0.031099330633878708,0.99200004
247,6.32815061862857e-06,1.0,0.03456707298755646,0.99200004
248,1.0164454579353333e-05,1.0,0.026300080120563507,0.994
249,1.3900548310630256e-05,1.0,0.02764318510890007,0.994
250,2.3471936586361153e-05,1.0,0.027743231505155563,0.994
251,6.450712703554018e-06,1.0,0.0291871540248394,0.99600005
252,1.087496056584314e-05,1.0,0.02898566983640194,0.994
253,8.207932125969819e-06,1.0,0.02647092379629612,0.994
254,5.71180135011673e-06,1.0,0.02395613119006157,0.99600005
255,2.4983845605675015e-05,1.0,0.020559336990118027,0.99600005
256,5.678460013314179e-06,1.0,0.022871430963277817,0.99600005
257,7.500126958603914e-06,1.0,0.02282128296792507,0.99600005
258,5.5942684298315726e-06,1.0,0.024067802354693413,0.99600005
259,4.6763569230279245e-06,1.0,0.024677369743585587,0.994
260,4.218518711240904e-06,1.0,0.02308579720556736,0.994
261,5.941838026046753e-06,1.0,0.02393205463886261,0.99600005
262,4.081986844539642e-06,1.0,0.02010316029191017,0.99600005
263,4.712492227554321e-06,1.0,0.02419942244887352,0.99600005
264,4.838779574356522e-06,1.0,0.023554043844342232,0.994
265,4.542805243090697e-06,1.0,0.024652566760778427,0.994
266,8.311495179214035e-06,1.0,0.026697346940636635,0.99600005
267,1.2782960766344331e-05,1.0,0.025527749210596085,0.99600005
268,5.713291471920456e-06,1.0,0.054604705423116684,0.99200004
269,5.835853528424195e-06,1.0,0.05061108618974686,0.99200004
270,5.721487127630098e-06,1.0,0.048488229513168335,0.99200004
271,4.707090567990235e-06,1.0,0.04336884990334511,0.99200004
272,6.088428200712315e-06,1.0,0.04553740844130516,0.99200004
273,1.1036544947273796e-05,1.0,0.039447806775569916,0.99200004
274,4.477612662867614e-06,1.0,0.037481170147657394,0.99000007
275,4.972517444912228e-06,1.0,0.04078608751296997,0.99000007
276,3.891810763434478e-06,1.0,0.035064373165369034,0.99200004
277,1.2050569011989865e-05,1.0,0.03616289049386978,0.99000007
278,3.6785378938475333e-06,1.0,0.03476882725954056,0.99000007
279,4.2604282484148825e-06,1.0,0.033113203942775726,0.99200004
280,4.407018423080444e-06,1.0,0.03246114403009415,0.99200004
281,3.227218982715385e-06,1.0,0.03220101073384285,0.99000007
282,4.12184749620792e-06,1.0,0.03360377252101898,0.99200004
283,2.775154996470519e-06,1.0,0.0411703884601593,0.99200004
284,4.30978835197493e-06,1.0,0.04124625399708748,0.99000007
285,3.18363308338121e-06,1.0,0.03376929461956024,0.99200004
286,9.609013773115294e-06,1.0,0.0354912169277668,0.99200004
287,2.7822330537219386e-06,1.0,0.03349560499191284,0.99200004
288,2.419389787178261e-06,1.0,0.03591340035200119,0.99200004
289,5.113519733868088e-06,1.0,0.03645237907767296,0.99200004
290,2.4942681164930036e-06,1.0,0.03453703969717026,0.99200004
291,6.304122507572174e-06,1.0,0.0340365432202816,0.99200004
292,3.4006312432666164e-06,1.0,0.041102927178144455,0.99200004
293,4.248134786166702e-06,1.0,0.041009847074747086,0.99200004
294,3.73981892920483e-06,1.0,0.04138454422354698,0.99200004
295,2.8325244727511745e-06,1.0,0.03455645218491554,0.99200004
296,2.9878690810392072e-06,1.0,0.033074863255023956,0.99200004
297,4.848465323448181e-06,1.0,0.029404977336525917,0.99200004
298,2.527981990851913e-06,1.0,0.026594817638397217,0.99600005
299,3.424845637312046e-06,1.0,0.023481452837586403,0.99600005
300,4.512257874011993e-06,1.0,0.02871575392782688,0.99600005
301,2.0429492053608556e-06,1.0,0.027743620797991753,0.99600005
302,2.723373484059266e-06,1.0,0.030430972576141357,0.99600005
303,3.3354386701489602e-06,1.0,0.027509082108736038,0.99600005
304,4.519149655379806e-06,1.0,0.03150627389550209,0.99200004
305,3.2281503195008554e-06,1.0,0.030142806470394135,0.99600005
306,1.1803582310676575e-05,1.0,0.03218681365251541,0.994
307,1.829676335773911e-06,1.0,0.025107620283961296,0.99600005
308,3.0823051986317296e-06,1.0,0.02598080225288868,0.99600005
309,1.1700578397721983e-05,1.0,0.023475976660847664,0.99600005
310,5.850754678959902e-06,1.0,0.03161127120256424,0.99200004
311,3.553926944732666e-06,1.0,0.029308028519153595,0.99600005
312,2.4009495973587036e-06,1.0,0.03322814032435417,0.994
313,2.7095899000073587e-06,1.0,0.0325017049908638,0.994
314,1.526065176449265e-06,1.0,0.03419724106788635,0.99000007
315,2.620182954160555e-06,1.0,0.030362658202648163,0.99200004
316,1.8386170381745615e-06,1.0,0.03014979511499405,0.99600005
317,3.6753714027781825e-06,1.0,0.030440490692853928,0.994
318,3.4123659133911133e-06,1.0,0.02940419316291809,0.99600005
319,2.2156164050102234e-06,1.0,0.029563382267951965,0.99600005
320,1.6515329662070144e-05,1.0,0.032163992524147034,0.99200004
321,2.0658597348344188e-06,1.0,0.023449456319212914,0.99200004
322,8.976459504594914e-06,1.0,0.01657675951719284,0.99600005
323,3.6995857968236123e-06,1.0,0.0221522469073534,0.99200004
324,7.468275725841522e-06,1.0,0.015660976991057396,0.99600005
325,5.7214870139432605e-06,1.0,0.020877018570899963,0.99600005
326,1.0972842545697858e-06,1.0,0.01886850968003273,0.99600005
327,3.221817337362154e-06,1.0,0.021183045580983162,0.99600005
328,1.977011560683195e-06,1.0,0.02032378502190113,0.99600005
329,1.6238540396784629e-06,1.0,0.018697939813137054,0.99600005
330,2.319924533367157e-06,1.0,0.01940641552209854,0.99600005
331,6.959959819141659e-06,1.0,0.02751229703426361,0.99600005
332,2.985633912544472e-06,1.0,0.023254750296473503,0.99600005
333,5.804002285003662e-06,1.0,0.023857872933149338,0.99200004
334,2.8759241104125977e-06,1.0,0.02198813669383526,0.99200004
335,2.7654692758005694e-06,1.0,0.023842697963118553,0.99200004
336,2.8233975228886266e-06,1.0,0.02248009480535984,0.99600005
337,1.909211277961731e-06,1.0,0.028903337195515633,0.99200004
338,2.3452565081072407e-06,1.0,0.02408146858215332,0.994
339,2.701766788959503e-06,1.0,0.02613973803818226,0.99200004
340,1.2703239917755127e-06,1.0,0.02546790800988674,0.99600005
341,1.8915161490440369e-06,1.0,0.026001371443271637,0.99600005
342,4.1192397475242615e-06,1.0,0.023315370082855225,0.994
343,3.8085505380536233e-06,1.0,0.0255749449133873,0.994
344,1.8436461743931432e-06,1.0,0.02301805093884468,0.99600005
345,1.8624588875582049e-06,1.0,0.022847602143883705,0.99600005
346,2.526473326724954e-05,1.0,0.026715226471424103,0.994
347,5.323253560618468e-06,1.0,0.028650056570768356,0.994
348,2.485327428303208e-06,1.0,0.030085615813732147,0.99600005
349,2.4279579520225525e-06,1.0,0.033905159682035446,0.99200004
350,0.08619916485622525,0.9929554462432861,1.5171204805374146,0.762
351,0.1771333715878427,0.9590669870376587,3.8576743602752686,0.528
352,0.04493530694162473,0.9899083375930786,0.2058364301919937,0.9620001
353,0.03520756005309522,0.9898917078971863,0.013225066475570202,0.994
354,0.0643982554320246,0.9803882837295532,0.004453067667782307,1.0
355,0.04543227082467638,0.9928132891654968,0.01640867069363594,0.99600005
356,0.030372811341294437,0.9922295808792114,0.0489625483751297,0.99000007
357,0.06799461678019725,0.9892918467521667,0.051927365362644196,0.98800004
358,0.027904173592105508,0.9870712757110596,0.02313804440200329,0.98800004
359,0.005338112451227062,0.998191237449646,0.021781431511044502,0.99200004
360,0.0056065100216073915,0.9974631071090698,0.0017069129971787333,1.0
361,0.0011293928146187682,1.0,0.004669607616961002,0.99600005
362,0.0009676379149823333,1.0,0.005738016217947006,0.998
363,0.0005756211467087269,1.0,0.0006098146550357342,1.0
364,6.13619572504831e-05,1.0,0.0006502675823867321,1.0
365,8.385684304812457e-05,1.0,0.001168393180705607,1.0
366,7.727798083578818e-05,1.0,0.0008305368246510625,1.0
367,5.711633713190167e-05,1.0,0.001027046237140894,1.0
368,6.0573406699404586e-05,1.0,0.001652992214076221,1.0
369,0.00017853192980510357,1.0,0.001460268977098167,1.0
370,0.00012627905198314693,1.0,0.002977080410346389,0.998
371,6.0816015320597216e-05,1.0,0.005336349364370108,0.99600005
372,3.2536126695958956e-05,1.0,0.0054292697459459305,0.99600005
373,4.566703000818961e-05,1.0,0.004018614999949932,0.998
374,9.440798316973087e-05,1.0,0.0035995645448565483,0.998
375,3.411285570109612e-05,1.0,0.0036675052251666784,0.998
376,3.142775972264644e-05,1.0,0.002616466488689184,0.998
377,2.9171817004680634e-05,1.0,0.003981963265687227,0.998
378,7.603876292705536e-05,1.0,0.0010798054281622171,1.0
379,9.400118142366409e-05,1.0,0.001486693392507732,1.0
380,3.270311276537541e-05,1.0,0.0011134366504848003,1.0
381,6.6733639641825e-05,1.0,0.005348891485482454,0.99600005
382,3.212224692106247e-05,1.0,0.0059317597188055515,0.99600005
383,4.925113171339035e-05,1.0,0.0069856056943535805,0.99600005
384,3.121057525845572e-05,1.0,0.00778746884316206,0.99600005
385,3.818953405243519e-05,1.0,0.004153774119913578,0.99600005
386,5.2706338465213776e-05,1.0,0.0038291539531201124,0.998
387,2.9132980671420228e-05,1.0,0.0030708827544003725,0.998
388,1.4845654362716232e-05,1.0,0.0058075254783034325,0.99600005
389,1.9329041236915145e-05,1.0,0.007463907822966576,0.99600005
390,2.37447209663344e-05,1.0,0.004974597133696079,0.99600005
391,1.8926057919088635e-05,1.0,0.0035549020394682884,0.998
392,9.999796745319145e-06,1.0,0.003923044074326754,0.998
393,5.3563341452900204e-05,1.0,0.00552555825561285,0.99600005
394,1.2916792229589191e-05,1.0,0.0037335557863116264,0.99600005
395,1.085530965383441e-05,1.0,0.004208517260849476,0.99600005
396,3.702081721712602e-05,1.0,0.004766441415995359,0.99600005
397,1.5935208637074538e-05,1.0,0.006395312491804361,0.99600005
398,1.637395473608194e-05,1.0,0.0066659655421972275,0.99600005
399,2.3341458302184037e-05,1.0,0.005554197821766138,0.99600005
400,2.3302528916246956e-05,1.0,0.0069291116669774055,0.99600005
401,4.489980642574665e-05,1.0,0.00807921588420868,0.99600005
402,1.3058539479970932e-05,1.0,0.005288779269903898,0.99600005
403,1.4747865520803316e-05,1.0,0.0065770624205470085,0.99600005
404,1.5414692484228e-05,1.0,0.005159276071935892,0.99600005
405,2.3605022590800218e-05,1.0,0.00316200265660882,0.998
406,2.1733064158979687e-05,1.0,0.005116821266710758,0.99600005
407,1.9869487687174114e-05,1.0,0.009818395599722862,0.99600005
408,3.498932346701622e-05,1.0,0.006480464246124029,0.99600005
409,1.462642103433609e-05,1.0,0.010198844596743584,0.99600005
410,9.304098782081383e-06,1.0,0.01113029383122921,0.99600005
411,3.0087772756814957e-05,1.0,0.013030905276536942,0.99600005
412,7.584094964840915e-05,1.0,0.015760496258735657,0.99600005
413,2.418514340973843e-05,1.0,0.013564493507146835,0.99600005
414,7.257796823978424e-06,1.0,0.01310998946428299,0.99600005
415,1.0277517141332737e-05,1.0,0.013055124320089817,0.99600005
416,8.733607830890833e-05,1.0,0.013335769064724445,0.99600005
417,2.4658627808094025e-05,1.0,0.01422213390469551,0.99600005
418,2.75882891855872e-05,1.0,0.006585999857634306,0.99600005
419,8.888728917355593e-06,1.0,0.0021493262611329556,1.0
420,5.082227289676666e-06,1.0,0.003213360672816634,0.998
421,1.5508383512496948e-05,1.0,0.0015513926045969129,1.0
422,1.4832988426860538e-05,1.0,0.0006753063062205911,1.0
423,4.412047564983368e-05,1.0,0.0013226709561422467,1.0
424,1.3064034646959044e-05,1.0,0.0022807626519352198,0.998
425,6.040930742301498e-06,1.0,0.0027042285073548555,0.998
426,5.018524824151882e-06,1.0,0.0033691758289933205,0.998
427,1.0606832802295685e-05,1.0,0.0011837473139166832,1.0
428,1.3337470591068268e-05,1.0,0.002684847917407751,0.998
429,5.714781593724183e-06,1.0,0.001401751535013318,1.0
430,6.424821911821255e-06,1.0,0.0023164080921560526,0.998
431,1.7097685486078262e-05,1.0,0.001799336401745677,1.0
432,7.505621738346235e-06,1.0,0.0011271829716861248,1.0
433,5.770474672317505e-06,1.0,0.00229673576541245,0.998
434,4.968047136344467e-06,1.0,0.0033894539810717106,0.998
435,5.57713210014299e-06,1.0,0.0041814278811216354,0.99600005
436,5.303695786551543e-06,1.0,0.005006255116313696,0.99600005
437,4.216283556957023e-06,1.0,0.0023966790176928043,0.998
438,5.949847405872788e-06,1.0,0.0026902637910097837,0.998
439,6.559863663824217e-06,1.0,0.0030870370101183653,0.998
440,5.98821787889392e-06,1.0,0.002799524227157235,0.998
441,1.0077469056568589e-05,1.0,0.0029599934350699186,0.998
442,1.191850751780521e-05,1.0,0.0021694975439459085,1.0
443,1.8813088900060393e-05,1.0,0.0031007928773760796,0.998
444,8.456595253392152e-06,1.0,0.002022826112806797,1.0
445,0.017412283038765963,0.9949424862861633,0.10615283995866776,0.98800004
446,0.012534646177300601,0.9981052279472351,0.0097135528922081,0.994
447,0.02380889821870369,0.9953081607818604,0.051078565418720245,0.98200005
448,0.033711148891597986,0.9887153506278992,0.013226991519331932,0.994
449,0.011635998263955116,0.9955751895904541,0.009648234583437443,0.99600005
450,0.0156565485522151,0.9929636120796204,0.0034660196397453547,1.0
451,0.007068708029692061,0.9991058111190796,0.007385567761957645,0.998
452,0.009619437110814033,0.9981792569160461,0.032439857721328735,0.98800004
453,0.008239697315730155,0.9920442700386047,0.007155530154705048,0.998
454,0.0017690308850433212,1.0,0.0006161117344163358,1.0
455,0.010272948909914703,0.9984217286109924,0.028180522844195366,0.99600005
456,0.006747360062036023,0.9985803365707397,0.03441648185253143,0.99600005
457,0.014765872178031714,0.9958354830741882,0.00567540992051363,0.99600005
458,0.006728732818373828,0.9969748258590698,0.0019008617382496595,1.0
459,0.0020126921590417624,1.0,0.002360337181016803,1.0
460,0.00044261412699597713,1.0,0.0008646316709928215,1.0
461,0.00048611075544613414,1.0,0.0013610010500997305,1.0
462,0.00814593462200719,0.9996461868286133,0.0020815075840801,1.0
463,0.008013036058400758,0.9967774748802185,0.002680919598788023,0.998
464,0.0027583733899518847,0.9990895986557007,0.01949353702366352,0.99600005
465,0.0043975526468784665,0.9986039400100708,0.014992100186645985,0.994
466,0.007641664706170559,0.9995999336242676,7.725047908024862e-05,1.0
467,0.0229879579505905,0.9979314804077148,0.12388058751821518,0.97800004
468,0.007478067651391029,0.9933940768241882,0.0019392542308196425,0.998
469,0.000622740201833949,1.0,0.00016876029258128256,1.0
470,0.00021241093054413795,1.0,7.100391667336226e-05,1.0
471,0.00019386028725421056,1.0,5.668163430527784e-05,1.0
472,0.0001561516892252257,1.0,4.7158242523437366e-05,1.0
473,6.220405919066252e-05,1.0,4.459476622287184e-05,1.0
474,0.000185007415666405,1.0,2.951335955003742e-05,1.0
475,3.846436737831027e-05,1.0,3.088855737587437e-05,1.0
476,0.00010457038843014743,1.0,1.9752502339542843e-05,1.0
477,2.9807630880895886e-05,1.0,2.495765693311114e-05,1.0
478,2.3113563656806946e-05,1.0,2.133369525836315e-05,1.0
479,0.0012984651839360595,0.9999375343322754,2.9507637009373866e-05,1.0
480,0.002415417786664875,0.9969748258590698,0.0006338491220958531,1.0
481,0.0003286410122882444,1.0,0.0010372886899858713,1.0
482,0.0010967252776481473,0.999557375907898,0.00325351906940341,0.99600005
483,0.003294628486401052,0.9953472018241882,0.0021412954665720463,0.998
484,4.7614891172997886e-05,1.0,0.002467304700985551,0.998
485,8.32174905553984e-05,1.0,0.002012635115534067,0.998
486,7.321601742660278e-05,1.0,0.001424860442057252,1.0
487,0.00014825146645591758,1.0,0.001621665433049202,0.998
488,3.251191230901895e-05,1.0,0.001732088509015739,0.998
489,6.263433033382171e-05,1.0,0.0013834824785590172,1.0
490,3.254525381635176e-05,1.0,0.0009336271323263645,1.0
491,0.00516454316675663,0.9999375343322754,0.0012338886735960841,1.0
492,0.0006120353006053847,1.0,0.0016117648920044303,0.998
493,0.00029049869590380695,1.0,0.003715521888807416,0.998
494,5.158381537739842e-05,1.0,0.0043270764872431755,0.998
495,6.363810962284333e-05,1.0,0.005998305510729551,0.998
496,9.13298688942632e-05,1.0,0.004999562632292509,0.998
497,4.915585742537587e-05,1.0,0.005212872289121151,0.998
498,1.7518736399324553e-05,1.0,0.005638254806399345,0.998
499,1.5788339055688994e-05,1.0,0.00568953063338995,0.998
500,1.3772398233413696e-05,1.0,0.0058210426941514015,0.998
501,7.827505487512099e-05,1.0,0.006609203293919563,0.998
502,1.0297447431639739e-05,1.0,0.007429490797221661,0.998
503,7.166694854277011e-05,1.0,0.0066239116713404655,0.998
504,5.502291014636285e-05,1.0,0.007000268436968327,0.998
505,9.382711723304737e-05,1.0,0.006739319767802954,0.998
506,9.864754986210755e-06,1.0,0.006108774803578854,0.998
507,1.0275375188939506e-05,1.0,0.007871026173233986,0.998
508,0.012725124135613441,0.9984298944473267,0.005152708385139704,0.998
509,0.003536636009812355,0.9970887303352356,0.00849459134042263,0.998
510,0.000536097493068155,1.0,0.011581852100789547,0.998
511,3.130566324216488e-05,1.0,0.011005887761712074,0.998
512,4.287706690320192e-05,1.0,0.010261152870953083,0.998
513,0.00030595576390624046,1.0,0.008016160689294338,0.998
514,3.9803795516490936e-05,1.0,0.007669888436794281,0.998
515,0.00018918914720700286,1.0,0.005718168802559376,0.998
516,4.4340361000649864e-05,1.0,0.00609515979886055,0.998
517,2.9879342775984696e-05,1.0,0.005598139949142933,0.998
518,0.00010177343938266858,1.0,0.005800020415335894,0.998
519,3.2466836273670197e-05,1.0,0.006198934279382229,0.998
520,1.772399991750717e-05,1.0,0.004858281929045916,0.998
521,3.408286721651166e-05,1.0,0.005523898638784885,0.998
522,1.2121256531827385e-05,1.0,0.005398575682193041,0.998
523,2.0945351572265736e-05,1.0,0.006105063017457724,0.998
524,1.425333311999566e-05,1.0,0.005818529520183802,0.998
525,1.5145167708396912e-05,1.0,0.006272796541452408,0.998
526,2.4135224521160126e-05,1.0,0.006399098318070173,0.998
527,1.3784226041479997e-05,1.0,0.00586704583838582,0.998
528,3.1839218081586296e-05,1.0,0.0057572792284190655,0.998
529,2.734130248427391e-05,1.0,0.005841149482876062,0.998
530,9.309221013609204e-06,1.0,0.005344947334378958,0.998
531,1.0466575616874252e-05,1.0,0.005612941924482584,0.998
532,1.851702108979225e-05,1.0,0.005016461480408907,0.998
533,1.016072928905487e-05,1.0,0.005343582946807146,0.998
534,7.337778811233875e-05,1.0,0.006873206235468388,0.998
535,1.0629463943701012e-05,1.0,0.007559160701930523,0.998
536,6.858259439468384e-06,1.0,0.00724608963355422,0.998
537,3.970041870360319e-06,1.0,0.007260805927217007,0.998
538,8.730590344896427e-06,1.0,0.0070570544339716434,0.998
539,1.6003753991356007e-05,1.0,0.006684972904622555,0.998
540,2.9591470593004487e-05,1.0,0.007628627121448517,0.998
541,1.0855123406372513e-05,1.0,0.00627337209880352,0.998
542,1.3280753137223655e-05,1.0,0.006600925698876381,0.998
543,5.4339878232667616e-06,1.0,0.00600348599255085,0.998
544,7.413513969822816e-06,1.0,0.005969707388430834,0.998
545,1.4171004295349121e-05,1.0,0.006138565484434366,0.998
546,1.8175411980791978e-05,1.0,0.005953657440841198,0.998
547,4.731491202392135e-06,1.0,0.00465703709051013,0.998
548,1.081489025978044e-05,1.0,0.004793564323335886,0.998
549,1.572445034980774e-05,1.0,0.004859967157244682,0.998
550,0.0017745248973142225,0.9997275471687317,0.016129430383443832,0.998
551,0.0059011648409068584,0.9954622387886047,0.011663246899843216,0.998
552,0.0007582453108625486,1.0,0.01305436622351408,0.998
553,0.0017903606407116968,0.9964245557785034,0.052975885570049286,0.99600005
554,0.033338070614263415,0.9977414011955261,0.13214388489723206,0.98800004
555,0.05881577176114661,0.9813613295555115,0.05318691208958626,0.99000007
556,0.07666070410050452,0.9894640445709229,0.025829201564192772,0.98800004
557,0.05779801611788571,0.9882705211639404,0.025340881198644638,0.99200004
558,0.018707200651988387,0.9926875233650208,0.015909137204289436,0.994
559,0.015850864863068637,0.9986716508865356,0.013959099538624287,0.99600005
560,0.007149383006435528,0.9971181154251099,0.0027762919198721647,1.0
561,0.08230054727755487,0.999750018119812,0.0005817313212901354,1.0
562,0.05955259408801794,0.9829928874969482,0.17528410255908966,0.97200006
563,0.006831291131675243,0.9986088871955872,0.0018253535963594913,1.0
564,0.0031995483673199487,0.9976736307144165,0.03245464339852333,0.99600005
565,0.11861040024086833,0.9957648515701294,0.00518933217972517,0.998
566,0.01194333713465312,0.998786449432373,0.015540306456387043,0.99600005
567,0.00974725466221571,0.9959016442298889,0.019405309110879898,0.99000007
568,0.010847841622307897,0.9948667287826538,0.008703527972102165,0.998
569,0.013613293505841284,0.9943844079971313,0.0008220195886678994,1.0
570,0.00079106926023087,1.0,0.0021763225086033344,0.998
571,0.00047641424498579,1.0,0.0008710146066732705,1.0
572,8.711889404366957e-05,1.0,0.000906866102013737,1.0
573,0.0001447672020731261,1.0,0.0006321420660242438,1.0
574,0.0002254459075743398,1.0,0.001299177180044353,1.0
575,4.595648488248116e-05,1.0,0.0008614349644631147,1.0
576,0.0002529880497377235,1.0,0.001910896273329854,0.998
577,7.087849080633646e-05,1.0,0.002087913453578949,0.998
578,3.10050323548694e-05,1.0,0.0021493921522051096,0.998
579,3.9359741094813216e-05,1.0,0.0020117026288062334,0.998
580,3.162734210349072e-05,1.0,0.0022520741913467646,0.998
581,5.8639608141675126e-05,1.0,0.0013619117671623826,1.0
582,9.098323062062263e-05,1.0,0.0013778380816802382,1.0
583,1.6127340472849028e-05,1.0,0.0011986675672233105,1.0
584,1.8010474747143235e-05,1.0,0.000896262179594487,1.0
585,4.136860366088513e-05,1.0,0.0009625349193811417,1.0
586,5.243588239522978e-05,1.0,0.000894981378223747,1.0
587,2.3799389595069442e-05,1.0,0.0008392448653467,1.0
588,4.46192921117472e-05,1.0,0.0007175522041507065,1.0
589,1.6471929825456755e-05,1.0,0.0008154611568897963,1.0
590,1.9033253181532928e-05,1.0,0.0007189521566033363,1.0
591,3.378652036190033e-05,1.0,0.000802054419182241,1.0
592,1.0977685452218111e-05,1.0,0.0009729843004606664,1.0
593,1.0197050869464874e-05,1.0,0.001166856731288135,1.0
594,1.3292953369159477e-05,1.0,0.0013277139514684677,1.0
595,1.5215761948184081e-05,1.0,0.000802558904979378,1.0
596,0.00023778434842824936,1.0,0.0008186683407984674,1.0
597,1.1865980923175812e-05,1.0,0.0007445173105224967,1.0
598,9.390711795731477e-06,1.0,0.0008817663183435798,1.0
599,1.2460909829314915e-05,1.0,0.0006949281669221818,1.0
600,2.8046406782777922e-05,1.0,0.0006783141870982945,1.0
601,1.1591054544624058e-05,1.0,0.0007388315279968083,1.0
602,1.6779638826847076e-05,1.0,0.0006778383394703269,1.0
603,3.375941889771639e-05,1.0,0.0005126438336446881,1.0
604,2.570468950580107e-05,1.0,0.0009114894783124328,1.0
605,1.0818988073424407e-05,1.0,0.0008148212218657136,1.0
606,1.4865770936012268e-05,1.0,0.0008145551546476781,1.0
607,1.9101146619959763e-05,1.0,0.0009227552218362689,1.0
608,0.015348362736403942,0.999875009059906,0.0006593656726181507,1.0
609,0.02555441753941068,0.9968262314796448,0.00023212718951981515,1.0
610,0.0027741951853386126,0.9976736307144165,0.001546130166389048,0.998
611,0.0009426698961760849,1.0,0.004132725764065981,0.998
612,0.00011211857190573937,1.0,0.007425372954457998,0.998
613,7.818173617124557e-05,1.0,0.006407984532415867,0.99600005
614,0.00012139501041019685,1.0,0.007359771523624659,0.99600005
615,8.609239012002945e-05,1.0,0.009757245890796185,0.99600005
616,8.971542115432385e-05,1.0,0.010354186408221722,0.99600005
617,1.0582618415355682e-05,1.0,0.007266337517648935,0.998
618,2.642590550294699e-05,1.0,0.006135277915745974,0.998
619,1.3277214009121963e-05,1.0,0.005526416935026646,0.998
620,1.0575167834758759e-05,1.0,0.006073417607694864,0.998
621,2.1380744897214754e-05,1.0,0.005029567517340183,0.998
622,3.413436934351921e-05,1.0,0.004986350890249014,0.998
623,6.176158791504349e-06,1.0,0.006373743060976267,0.998
624,8.015427738428116e-05,1.0,0.0052970764227211475,0.998
625,6.646104154128807e-06,1.0,0.006700318306684494,0.998
626,2.289656549692154e-05,1.0,0.007105906493961811,0.998
627,5.2481889269984094e-06,1.0,0.005241065751761198,0.998
628,1.475010071771976e-05,1.0,0.005795691628009081,0.998
629,6.98678195476532e-06,1.0,0.0044212848879396915,0.998
630,1.1146627372227158e-05,1.0,0.005620913580060005,0.998
631,1.2381933629512787e-05,1.0,0.006712210830301046,0.998
632,3.052707779716002e-05,1.0,0.005025352351367474,0.998
633,1.9770674498431617e-05,1.0,0.007033129688352346,0.998
634,1.2710876774235658e-05,1.0,0.006726718973368406,0.998
635,1.0929442851193016e-05,1.0,0.0056202164851129055,0.998
636,7.378309874184197e-06,1.0,0.006767174694687128,0.998
637,6.424821918926682e-06,1.0,0.006392470560967922,0.998
638,1.0861828968700138e-05,1.0,0.00637080566957593,0.998
639,6.48777933065503e-06,1.0,0.005905906669795513,0.998
640,8.826702831754574e-06,1.0,0.005400930531322956,0.998
641,7.6266005635261536e-06,1.0,0.0063837612979114056,0.998
642,3.43002378944135e-05,1.0,0.006665739230811596,0.998
643,7.405877113342285e-06,1.0,0.005158684682101011,0.998
644,9.977445003528373e-06,1.0,0.007346018683165312,0.998
645,2.6039127260624184e-05,1.0,0.007222341373562813,0.998
646,2.2073276340961456e-05,1.0,0.005816639866679907,0.998
647,6.9726258544733355e-06,1.0,0.006192512344568968,0.998
648,0.0001624625176077643,1.0,0.0075857131741940975,0.998
649,5.364604291457908e-06,1.0,0.006769148632884026,0.998
650,6.202235816488155e-06,1.0,0.007565896958112717,0.998
651,5.021132551519258e-06,1.0,0.006377524230629206,0.998
652,0.014387842640303461,0.9981619119644165,0.0007982969400472939,1.0
653,0.0016762508079395388,0.9987315535545349,0.003843927290290594,0.998
654,0.009648630069563069,0.9970887303352356,0.008259104564785957,0.998
655,0.0015175927430277625,0.9976736307144165,0.000756266585085541,1.0
656,4.164287815910939e-05,1.0,0.0010774984257295728,1.0
657,8.599273883191927e-06,1.0,0.0018591603729873896,0.998
658,4.391372203826904e-05,1.0,0.000831163430120796,1.0
659,2.6050209996242302e-05,1.0,0.0020796661265194416,0.998
660,2.985112369202625e-05,1.0,0.0029206429608166218,0.998
661,1.0423921139590675e-05,1.0,0.0018285465193912387,0.998
662,5.712546411018593e-06,1.0,0.0021308946888893843,0.998
663,3.161933273077011e-05,1.0,0.003859564894810319,0.998
664,2.5521405041306622e-05,1.0,0.0040382640436291695,0.998
665,9.736791241721221e-06,1.0,0.0037287988234311342,0.998
666,2.191197131651279e-05,1.0,0.0054952651262283325,0.998
667,5.046091928306851e-06,1.0,0.00535553926602006,0.998
668,1.966580747136959e-06,1.0,0.004233661573380232,0.998
669,4.188716410169491e-06,1.0,0.0038392848800867796,0.998
670,9.144097566249343e-06,1.0,0.004757870454341173,0.998
671,4.281289875507355e-06,1.0,0.003085382515564561,0.998
672,1.1726841307790892e-05,1.0,0.003677196567878127,0.998
673,0.00016657840461675733,1.0,0.004178621340543032,0.998
674,5.762279030818718e-06,1.0,0.0040906621143221855,0.998
675,1.853555477282498e-05,1.0,0.003042074153199792,0.998
676,1.1248886494286126e-05,1.0,0.0038126897998154163,0.998
677,5.183555188637001e-06,1.0,0.004625254776328802,0.998
678,7.822550827540908e-06,1.0,0.004147833678871393,0.998
679,3.691762685775757e-06,1.0,0.0037854842375963926,0.998
680,2.4016946440497122e-06,1.0,0.004898224025964737,0.998
681,6.543844932593856e-06,1.0,0.00526546873152256,0.998
682,5.527027042262489e-06,1.0,0.004670674446970224,0.998
683,1.1637620630722267e-05,1.0,0.004745629150420427,0.998
684,0.00010265931486941327,1.0,0.005167232360690832,0.998
685,9.663589295882957e-06,1.0,0.006185612641274929,0.998
686,1.2364238486384238e-06,1.0,0.005600176751613617,0.998
687,6.1646103830526044e-06,1.0,0.006724786013364792,0.998
688,5.188398063182831e-06,1.0,0.005639879032969475,0.998
689,6.8051740527153015e-06,1.0,0.006042977329343557,0.998
690,7.056742902022961e-05,1.0,0.005511454772204161,0.998
691,1.4491379261016846e-06,1.0,0.0064098043367266655,0.998
692,2.329796558342423e-06,1.0,0.005912401247769594,0.998
693,3.3976510138700178e-06,1.0,0.006131730042397976,0.998
694,3.0780211091041565e-06,1.0,0.007131545804440975,0.998
695,1.757778227418072e-06,1.0,0.006562885362654924,0.998
696,2.8511509526651935e-06,1.0,0.006682354025542736,0.998
697,1.909770077190842e-06,1.0,0.007462797220796347,0.998
698,2.2429972887927363e-06,1.0,0.006877076346427202,0.998
699,2.4868175394487935e-06,1.0,0.006341908592730761,0.998
700,6.261467930812614e-06,1.0,0.004939279519021511,0.998
701,1.0641291741109171e-06,1.0,0.006768153980374336,0.998
702,1.572445029296432e-06,1.0,0.007583022117614746,0.998
703,1.8481165113826137e-06,1.0,0.005989377852529287,0.998
704,1.3869255788279133e-06,1.0,0.007616552524268627,0.998
705,6.5583735704422e-06,1.0,0.006908688694238663,0.998
706,2.067722391529969e-06,1.0,0.006888899020850658,0.998
707,0.042373040691018105,0.9998124837875366,0.008526932448148727,0.998
708,0.02508786441740085,0.9838776588439941,0.0924224704504013,0.97800004
709,0.006631500460116513,0.9984874129295349,0.00488984864205122,0.998
710,0.003174427431076765,0.9994597434997559,0.0027678022161126137,0.998
711,0.0007021893743512919,1.0,0.0021644907537847757,0.998
712,0.0027099866420030594,0.9992291331291199,0.002915257355198264,0.998
713,0.000605462584644556,1.0,0.028115080669522285,0.99600005
714,9.806305170201313e-05,1.0,0.03420158848166466,0.99600005
715,3.9167702198028564e-05,1.0,0.03125285357236862,0.99600005
716,5.914270877838135e-05,1.0,0.02125995047390461,0.99600005
717,4.678908734945253e-05,1.0,0.01891411282122135,0.99600005
718,2.28972174198816e-05,1.0,0.019557509571313858,0.99600005
719,8.726380764301211e-05,1.0,0.01692846417427063,0.99600005
720,0.00029099322855330456,1.0,0.015914924442768097,0.99600005
721,0.0004007214738521725,1.0,0.015579944476485252,0.99600005
722,1.7670355738630406e-05,1.0,0.018831660971045494,0.99600005
723,7.151858881115913e-05,1.0,0.018909156322479248,0.99600005
724,2.3941416202433174e-05,1.0,0.021209901198744774,0.99600005
725,4.3196417436774937e-05,1.0,0.014372507110238075,0.99600005
726,1.4645513147115707e-05,1.0,0.014236828312277794,0.99600005
727,4.264041854185052e-05,1.0,0.018314329907298088,0.99600005
728,7.627345624428017e-06,1.0,0.015856845304369926,0.99600005
729,2.1377392101840087e-05,1.0,0.014448442496359348,0.998
730,2.2106990400061477e-05,1.0,0.010187453590333462,0.998
731,2.7965195471324478e-05,1.0,0.011466441676020622,0.99600005
732,0.008694203570485115,0.999875009059906,0.011897755786776543,0.99600005
733,2.0074751233778443e-05,1.0,0.016290444880723953,0.99600005
734,8.235853147198213e-05,1.0,0.012982052750885487,0.998
735,0.00011782692763517844,1.0,0.013045616447925568,0.99600005
736,0.00015924610488582402,1.0,0.013176476582884789,0.99600005
737,8.380888027659239e-05,1.0,0.007762138731777668,0.99600005
738,0.21546167228370905,0.9998124837875366,0.0033132056705653667,0.998
739,0.05067170271649957,0.9906843900680542,0.07135256379842758,0.98200005
740,0.09316307911649346,0.9846935868263245,0.05962975323200226,0.98800004
741,0.025991583010181785,0.9936429262161255,0.010808960534632206,0.994
742,0.011161625676322728,0.9972189664840698,0.0008308182004839182,1.0
743,0.000399682950217084,1.0,0.0014421615051105618,1.0
744,0.0006741990334830916,1.0,0.0018087520729750395,1.0
745,0.0001459749400964938,1.0,0.0016730880597606301,1.0
746,0.0003419408603804186,1.0,0.001448073424398899,1.0
747,0.0001328819416812621,1.0,0.0011067752493545413,1.0
748,3.006681799888611e-05,1.0,0.000860991480294615,1.0
749,6.469003856324207e-05,1.0,0.0007593336049467325,1.0
750,2.9624625994983944e-05,1.0,0.0006025743205100298,1.0
751,2.8370507067165818e-05,1.0,0.0007230358314700425,1.0
752,2.641864125507709e-05,1.0,0.0006347265443764627,1.0
753,4.5754946768283844e-05,1.0,0.0006823234725743532,1.0
754,2.223346382379532e-05,1.0,0.000568077084608376,1.0
755,0.034985192120075226,0.999875009059906,0.0005188083741813898,1.0
756,0.005654007778503001,0.9993512034416199,0.00473678857088089,0.998
757,0.04608529945835471,0.998250424861908,0.0006766109727323055,1.0
758,0.0028335319830148364,0.9995301961898804,0.017139846459031105,0.99200004
759,0.0031183179467859645,0.9984874129295349,0.0066805649548769,0.99600005
760,0.0001787906512618065,1.0,0.005575019866228104,0.998
761,9.876023977994919e-05,1.0,0.0044790152460336685,0.998
762,0.00016493052248733875,1.0,0.004161410499364138,0.998
763,0.0001568119973001103,1.0,0.0015225419774651527,1.0
764,7.556602395197842e-05,1.0,0.0007622356642968953,1.0
765,2.7533899981335708e-05,1.0,0.000646800035610795,1.0
766,2.0714756101547493e-05,1.0,0.0006222858210094273,1.0
767,1.96693464999953e-05,1.0,0.0005300369230099022,1.0
768,3.0185841012553283e-05,1.0,0.0005790434079244733,1.0
769,4.147179424762726e-05,1.0,0.0007190656615421176,1.0
770,4.115253705094801e-05,1.0,0.0003841724537778646,1.0
771,3.559570723155048e-05,1.0,0.0004166984581388533,1.0
772,1.1457316574592369e-05,1.0,0.0006024446338415146,1.0
773,4.060696812757669e-05,1.0,0.0003136768355034292,1.0
774,2.068951726030832e-05,1.0,0.0003492269606795162,1.0
775,1.3961456716060638e-05,1.0,0.0004051361174788326,1.0
776,5.398252979205154e-05,1.0,0.0003701629757415503,1.0
777,2.1632574544128147e-05,1.0,0.0002976579708047211,1.0
778,2.5462452413194114e-05,1.0,0.00018740749510470778,1.0
779,1.2149102985858917e-05,1.0,0.0002979307319037616,1.0
780,4.652813004213385e-05,1.0,0.0002584476605989039,1.0
781,1.1015869631592068e-05,1.0,0.00026249693473801017,1.0
782,0.00011901920660761789,1.0,0.000274716381682083,1.0
783,1.757983119432538e-05,1.0,0.00034171866718679667,1.0
784,6.142696365429856e-05,1.0,0.0005298557225614786,1.0
785,2.9786210689053405e-05,1.0,0.0022429570090025663,0.998
786,7.915869332464354e-06,1.0,0.0023750599939376116,0.998
787,1.119524245041248e-05,1.0,0.00220700167119503,0.998
788,2.7800165071312222e-05,1.0,0.0021987284999340773,0.998
789,4.751393589685904e-05,1.0,0.0025311345234513283,0.998
790,4.56511970696738e-05,1.0,0.0006622562650591135,1.0
791,0.017563254572451115,0.999875009059906,0.0007840862381272018,1.0
792,0.012259677052497864,0.9912011623382568,0.0025707329623401165,0.998
793,0.008550980500899641,0.9966970682144165,0.003959752153605223,0.998
794,0.0006062306463263667,1.0,0.0010109195718541741,1.0
795,2.114670351716086e-05,1.0,0.00023450469598174095,1.0
796,0.00024293027809108025,1.0,4.26673886977369e-06,1.0
797,1.4577247156921658e-05,1.0,3.551483132469002e-06,1.0
798,2.6222039025469712e-05,1.0,3.7975312352500623e-06,1.0
799,1.7570517911735806e-05,1.0,2.7751923425967107e-06,1.0
800,1.81349925583163e-05,1.0,2.197265530412551e-06,1.0
801,2.9140897083834716e-05,1.0,3.1185149964585435e-06,1.0
802,3.8258917584244045e-05,1.0,2.9830932817276334e-06,1.0
803,1.7817504613049095e-05,1.0,2.6073455501318676e-06,1.0
804,1.982804387523629e-05,1.0,2.2468566385214217e-06,1.0
805,1.1431984603404999e-05,1.0,1.689910845925624e-06,1.0
806,2.1963007839076454e-05,1.0,1.9207000150345266e-06,1.0
807,2.188105099776294e-05,1.0,1.7490386881036102e-06,1.0
808,1.5294551843680892e-05,1.0,2.2468566385214217e-06,1.0
809,0.00021381676197052002,1.0,1.8901824887507246e-06,1.0
810,1.4434941114416233e-05,1.0,1.403808596478484e-06,1.0
811,1.5153270169321331e-05,1.0,1.3675689842784777e-06,1.0
812,8.161179721355438e-06,1.0,1.3294220480020158e-06,1.0
813,3.096219188591931e-05,1.0,1.426696826456464e-06,1.0
814,1.598093660959421e-05,1.0,1.0547637430136092e-06,1.0
815,2.5112740672739164e-05,1.0,9.72747784544481e-07,1.0
816,9.27057118360608e-06,1.0,1.0051727485915762e-06,1.0
817,1.0045617841569765e-05,1.0,9.231567332790291e-07,1.0
818,2.6615522799033897e-05,1.0,1.039505036715127e-06,1.0
819,1.9741803498618538e-05,1.0,1.1463165492386906e-06,1.0
820,1.1603534176174435e-05,1.0,1.1425017873989418e-06,1.0
821,1.2317486107527031e-05,1.0,9.555816404827056e-07,1.0
822,1.2084469204864945e-05,1.0,7.686614935664693e-07,1.0
823,1.0744854989752639e-05,1.0,9.326934673481446e-07,1.0
824,8.834153391035215e-06,1.0,1.2264251836313633e-06,1.0
825,1.1218525457934447e-05,1.0,7.20977766377473e-07,1.0
826,1.1079944670200348e-05,1.0,8.602142429481319e-07,1.0
827,5.917437377433998e-06,1.0,7.743835226392548e-07,1.0
828,2.1374784409999847e-05,1.0,7.09533708231902e-07,1.0
829,3.258511424064636e-05,1.0,7.648467885701393e-07,1.0
830,4.321634787629591e-05,1.0,7.514953495046939e-07,1.0
831,0.00032922197135576425,1.0,6.332397219921404e-07,1.0
832,1.0598264623240539e-05,1.0,5.245208853921213e-07,1.0
833,1.600012183189392e-06,1.0,5.226135044722469e-07,1.0
834,0.0001770049333629231,1.0,4.997253313376859e-07,1.0
835,4.9980357061940595e-06,1.0,5.455017344502266e-07,1.0
836,9.164120911009377e-06,1.0,3.7384032225418196e-07,1.0
837,1.2152455383329652e-05,1.0,4.95910626341356e-07,1.0
838,2.8568319976329803e-05,1.0,4.043579053814028e-07,1.0
839,2.7542933835889016e-06,1.0,5.130767704031314e-07,1.0
840,3.8037076590669017e-06,1.0,4.329681360104587e-07,1.0
841,1.4400202786646332e-05,1.0,4.5394898506856407e-07,1.0
842,1.1631753295660019e-05,1.0,7.24792471373803e-07,1.0
843,5.833059546489494e-06,1.0,6.427765129046747e-07,1.0
844,9.916666897424875e-05,1.0,3.50952149119621e-07,1.0
845,5.57582825422287e-06,1.0,3.6621094068323146e-07,1.0
846,1.1537410330220155e-05,1.0,3.52859501617786e-07,1.0
847,4.327669785197941e-06,1.0,2.040863051888664e-07,1.0
848,6.2201170294429176e-06,1.0,2.3651122660339752e-07,1.0
849,0.0003442075103521347,1.0,3.700256456795614e-07,1.0
850,1.7600134043505022e-06,1.0,7.972717526172346e-07,1.0
851,1.1981464922428131e-05,1.0,4.6157836663951457e-07,1.0
852,1.6121007490710326e-05,1.0,4.692077766321745e-07,1.0
853,1.7753802239894867e-05,1.0,3.986358763086173e-07,1.0
854,7.948838174343109e-06,1.0,7.915496667010302e-07,1.0
855,4.854016151512042e-05,1.0,4.978180072612304e-07,1.0
856,4.278868431129013e-06,1.0,5.130767704031314e-07,1.0
857,2.8623268235605792e-06,1.0,1.0738373248386779e-06,1.0
858,7.899478077888489e-06,1.0,6.160736347737839e-07,1.0
859,5.025211794418283e-05,1.0,4.95910626341356e-07,1.0
860,7.122941269699368e-06,1.0,4.158019919486833e-07,1.0
861,1.5003979569883086e-05,1.0,3.0326842193062475e-07,1.0
862,5.309469997882843e-06,1.0,3.623962356869015e-07,1.0
863,3.2726675271987915e-06,1.0,4.2915343101412873e-07,1.0
864,1.6318634123990705e-06,1.0,4.4631957507590414e-07,1.0
865,6.6427513957245665e-06,1.0,5.321502953847812e-07,1.0
866,4.327669785197941e-06,1.0,3.871917613196274e-07,1.0
867,5.326978861575071e-06,1.0,4.4631957507590414e-07,1.0
868,3.496557475557438e-06,1.0,6.294250738392293e-07,1.0
869,2.374313766040359e-06,1.0,5.245208853921213e-07,1.0
870,6.024166943063847e-06,1.0,7.839203135517891e-07,1.0
871,8.92970710708596e-06,1.0,9.422302014172601e-07,1.0
872,2.5408342594346323e-06,1.0,7.877349617047003e-07,1.0
873,3.987737000166192e-06,1.0,3.0326842193062475e-07,1.0
874,3.1289178878068924e-05,1.0,2.880096303670143e-07,1.0
875,3.6882236607027608e-06,1.0,2.727508672251133e-07,1.0
876,2.3443251819799116e-06,1.0,6.103515488575795e-07,1.0
877,1.796707465473446e-06,1.0,4.234314019413432e-07,1.0
878,3.4350901838564596e-06,1.0,3.8528443724317185e-07,1.0
879,1.571699975499996e-06,1.0,3.6811829318139644e-07,1.0
880,4.762411094816343e-06,1.0,2.746581913015689e-07,1.0
881,3.4926459200335103e-06,1.0,4.062652578795678e-07,1.0
882,9.132549170232096e-07,1.0,4.80651863199455e-07,1.0
883,6.516184657812119e-05,1.0,3.0326842193062475e-07,1.0
884,3.1549483523463095e-06,1.0,2.4223328409789247e-07,1.0
885,5.54006546593655e-06,1.0,2.9373168786150927e-07,1.0
886,2.4175271278181754e-06,1.0,2.2315978753795207e-07,1.0
887,1.8069520564267805e-06,1.0,7.743835226392548e-07,1.0
888,1.9547529515051565e-06,1.0,4.6157836663951457e-07,1.0
889,1.3010576367378235e-06,1.0,3.9291381881412235e-07,1.0
890,1.0419264436123399e-05,1.0,2.2697449253428204e-07,1.0
891,3.671646117808791e-06,1.0,2.3651122660339752e-07,1.0
892,1.8460676081133442e-06,1.0,2.021789526907014e-07,1.0
893,6.980448972626618e-06,1.0,2.9373168786150927e-07,1.0
894,1.0021030902862549e-06,1.0,2.880096303670143e-07,1.0
895,5.187578426557593e-05,1.0,1.678466787780053e-07,1.0
896,3.697536882896202e-06,1.0,1.8119811784345075e-07,1.0
897,4.953332336299354e-06,1.0,1.7166138377433526e-07,1.0
898,1.1941418165406503e-06,1.0,3.3950806255234056e-07,1.0
899,8.542090661478596e-07,1.0,2.46047960672513e-07,1.0
900,1.334212720416339e-06,1.0,2.47955313170678e-07,1.0
901,7.834285504770833e-07,1.0,1.4495849143258965e-07,1.0
902,4.217028617858887e-06,1.0,2.0790099597434164e-07,1.0
903,6.102025480458906e-07,1.0,3.2424927098873013e-07,1.0
904,1.3068318338582685e-06,1.0,1.9645690940706118e-07,1.0
905,1.339241862297058e-06,1.0,2.727508672251133e-07,1.0
906,7.770955563479731e-07,1.0,2.5367737066517293e-07,1.0
907,2.1830201148986816e-06,1.0,2.403259315997275e-07,1.0
908,3.052502847822325e-06,1.0,2.6130675223612343e-07,1.0
909,3.4399331525492016e-06,1.0,1.8310547034161573e-07,1.0
910,7.631257190610086e-07,1.0,1.9836426190522616e-07,1.0
911,1.8009915940808696e-06,1.0,2.7656554379973386e-07,1.0
912,1.7308536911286865e-05,1.0,2.384185791015625e-07,1.0
913,1.5014224118203856e-05,1.0,2.1934509675247682e-07,1.0
914,1.1986121535301208e-06,1.0,1.6975403127617028e-07,1.0
915,1.464225363179139e-06,1.0,2.040863051888664e-07,1.0
916,9.095296263916808e-07,1.0,2.5177001816700795e-07,1.0
917,7.614493373608866e-07,1.0,1.7929076534528576e-07,1.0
918,2.308934927697237e-06,1.0,2.2315978753795207e-07,1.0
919,4.250370011504856e-06,1.0,3.280639759850601e-07,1.0
920,2.430751919746399e-06,1.0,2.117157009706716e-07,1.0
921,4.1173771023750305e-06,1.0,2.880096303670143e-07,1.0
922,1.4202669262886047e-06,1.0,2.651214572324534e-07,1.0
923,1.5480443842363911e-06,1.0,2.136230534688366e-07,1.0
924,9.566545493555623e-07,1.0,1.6975403127617028e-07,1.0
925,1.0883435592745627e-06,1.0,1.316070523671442e-07,1.0
926,2.573244273662567e-06,1.0,1.2779236158166896e-07,1.0
927,1.534260809066268e-06,1.0,2.2697449253428204e-07,1.0
928,4.0909275398348655e-06,1.0,2.746581913015689e-07,1.0
929,1.811049878619464e-06,1.0,1.754760745598105e-07,1.0
930,2.782419301183836e-06,1.0,3.013610978541692e-07,1.0
931,1.0434538140202676e-06,1.0,1.506805489270846e-07,1.0
932,1.200288522795745e-06,1.0,2.0980834847250662e-07,1.0
933,4.81773167848587e-06,1.0,1.678466787780053e-07,1.0
934,3.800913646045956e-06,1.0,1.506805489270846e-07,1.0
935,0.00013553370081353933,1.0,1.2588500908350397e-07,1.0
936,1.587308943840071e-05,1.0,1.411438006471144e-07,1.0
937,3.244727849960327e-06,1.0,9.536743306171047e-08,1.0
938,7.780268731494289e-07,1.0,1.7356872206164553e-07,1.0
939,0.0001962125243153423,1.0,1.0299682884351569e-07,1.0
940,9.33989867917262e-05,1.0,8.964538267264288e-08,1.0
941,1.7255544548788748e-06,1.0,9.918213095261308e-08,1.0
942,2.518482506319586e-06,1.0,9.346008056354549e-08,1.0
943,2.5214627385139465e-05,1.0,9.918213095261308e-08,1.0
944,1.2017786445994716e-06,1.0,1.068115267344183e-07,1.0
945,1.2328848235654277e-06,1.0,8.583069188716763e-08,1.0
946,5.337409675121307e-06,1.0,8.583069188716763e-08,1.0
947,1.8926337368441182e-06,1.0,8.964538267264288e-08,1.0
948,1.689419150352478e-06,1.0,8.583069188716763e-08,1.0
949,1.7907470466482778e-06,1.0,7.629394360719743e-08,1.0
950,4.809349789525186e-07,1.0,1.010894763453507e-07,1.0
951,2.3005530236375193e-06,1.0,9.346008056354549e-08,1.0
952,7.217749953269958e-07,1.0,8.964538267264288e-08,1.0
953,1.7166137808999338e-06,1.0,8.392333938900265e-08,1.0
954,1.134537160396576e-05,1.0,7.438659821445981e-08,1.0
955,1.5530735240076865e-06,1.0,8.201599399626502e-08,1.0
956,1.9829720372399606e-06,1.0,8.392333938900265e-08,1.0
957,1.6953796375673846e-06,1.0,8.773803727990526e-08,1.0
958,3.580749023512908e-06,1.0,6.294250454175199e-08,1.0
959,3.748759628052767e-06,1.0,8.392333938900265e-08,1.0
960,8.726492524147034e-07,1.0,7.820129610536242e-08,1.0
961,3.924407064204161e-06,1.0,9.155273517080786e-08,1.0
962,1.20364129685413e-06,1.0,9.72747784544481e-08,1.0
963,5.35696745629366e-07,1.0,8.964538267264288e-08,1.0
964,7.31591126168496e-06,1.0,6.866454782539222e-08,1.0
965,1.183897257561739e-06,1.0,7.438659821445981e-08,1.0
966,1.8818303999523778e-06,1.0,8.773803727990526e-08,1.0
967,2.3774802571097098e-06,1.0,7.629394360719743e-08,1.0
968,8.758157488131246e-07,1.0,8.773803727990526e-08,1.0
969,5.261972546577454e-07,1.0,9.536743306171047e-08,1.0
970,5.850568414178525e-07,1.0,7.820129610536242e-08,1.0
971,8.441507812761984e-07,1.0,6.866454782539222e-08,1.0
972,5.865469576704641e-07,1.0,5.912780665084938e-08,1.0
973,5.48362731223051e-07,1.0,6.484985703991697e-08,1.0
974,7.307156923985758e-07,1.0,7.438659821445981e-08,1.0
975,1.3161450596044233e-06,1.0,8.201599399626502e-08,1.0
976,9.908527135893408e-06,1.0,4.7683716530855236e-08,1.0
977,7.543712854385376e-07,1.0,5.531310875994677e-08,1.0
978,7.124617695808411e-07,1.0,4.959106547630654e-08,1.0
979,1.9807368518698354e-06,1.0,5.531310875994677e-08,1.0
980,6.692484021408873e-07,1.0,5.340576336720915e-08,1.0
981,6.912276155901509e-07,1.0,6.103515914901436e-08,1.0
982,1.122429966748939e-06,1.0,6.67572024326546e-08,1.0
983,4.872679710832273e-07,1.0,7.629394360719743e-08,1.0
984,7.975846525454244e-07,1.0,7.438659821445981e-08,1.0
985,2.0364299420094767e-06,1.0,5.531310875994677e-08,1.0
986,1.1861324313855448e-06,1.0,6.103515914901436e-08,1.0
987,7.951632134961528e-07,1.0,5.912780665084938e-08,1.0
988,1.126900315284729e-06,1.0,9.918213095261308e-08,1.0
989,2.4233013462549025e-07,1.0,4.577636758540393e-08,1.0
990,1.5171244740486145e-06,1.0,5.912780665084938e-08,1.0
991,7.033348055074384e-07,1.0,4.7683716530855236e-08,1.0
992,5.988404154777527e-07,1.0,5.912780665084938e-08,1.0
993,2.7988106019449788e-06,1.0,6.484985703991697e-08,1.0
994,4.984438426447468e-07,1.0,4.959106547630654e-08,1.0
995,2.0891427994218503e-06,1.0,4.959106547630654e-08,1.0
996,7.286667838002359e-07,1.0,4.7683716530855236e-08,1.0
997,4.723668098893796e-07,1.0,6.484985703991697e-08,1.0
998,1.7005950212478638e-06,1.0,5.531310875994677e-08,1.0
999,7.716938839053e-07,1.0,7.438659821445981e-08,1.0
